<environmentvariabledefinition schemaname="tsinfo_AdminDetails">
  <apiid>/providers/microsoft.powerapps/apis/shared_sharepointonline</apiid>
  <description default="list address">
    <label description="list address" languagecode="1033" />
  </description>
  <displayname default="Admin Details">
    <label description="Admin Details" languagecode="1033" />
  </displayname>
  <introducedversion>1.0.0.1</introducedversion>
  <iscustomizable>1</iscustomizable>
  <isrequired>0</isrequired>
  <parameterkey>table</parameterkey>
  <parentdefinitionid>
    <schemaname>tsinfo_shared_sharepointonline_1d44c8bba3214f66b0cc0dc7464f6ef5</schemaname>
  </parentdefinitionid>
  <secretstore>0</secretstore>
  <type>100000004</type>
</environmentvariabledefinition>