<ImportExportXml xmlns:xsi="http://www.w3.org/2001/XMLSchema-instance" OrganizationVersion="9.2.24091.166" OrganizationSchemaType="Standard" CRMServerServiceabilityVersion="9.2.24091.00178">
  <Entities></Entities>
  <Roles></Roles>
  <Workflows>
    <Workflow WorkflowId="{0a2ab5e7-cf71-ef11-a670-000d3a0a9998}" Name="Request Form Details - Generate Requester ID">
      <JsonFileName>/Workflows/RequestFormDetails-GenerateRequesterID-0A2AB5E7-CF71-EF11-A670-000D3A0A9998.json</JsonFileName>
      <Type>1</Type>
      <Subprocess>0</Subprocess>
      <Category>5</Category>
      <Mode>0</Mode>
      <Scope>4</Scope>
      <OnDemand>0</OnDemand>
      <TriggerOnCreate>0</TriggerOnCreate>
      <TriggerOnDelete>0</TriggerOnDelete>
      <AsyncAutodelete>0</AsyncAutodelete>
      <SyncWorkflowLogOnFailure>0</SyncWorkflowLogOnFailure>
      <StateCode>1</StateCode>
      <StatusCode>2</StatusCode>
      <RunAs>1</RunAs>
      <IsTransacted>1</IsTransacted>
      <IntroducedVersion>1.0.0.1</IntroducedVersion>
      <IsCustomizable>1</IsCustomizable>
      <BusinessProcessType>0</BusinessProcessType>
      <IsCustomProcessingStepAllowedForOtherPublishers>1</IsCustomProcessingStepAllowedForOtherPublishers>
      <PrimaryEntity>none</PrimaryEntity>
      <LocalizedNames>
        <LocalizedName languagecode="1033" description="Request Form Details - Generate Requester ID" />
      </LocalizedNames>
    </Workflow>
    <Workflow WorkflowId="{849fe300-2c73-ef11-ac20-000d3a0a9998}" Name="Daily Email Reminder - Admin Team">
      <JsonFileName>/Workflows/DailyEmailReminder-AdminTeam-849FE300-2C73-EF11-AC20-000D3A0A9998.json</JsonFileName>
      <Type>1</Type>
      <Subprocess>0</Subprocess>
      <Category>5</Category>
      <Mode>0</Mode>
      <Scope>4</Scope>
      <OnDemand>0</OnDemand>
      <TriggerOnCreate>0</TriggerOnCreate>
      <TriggerOnDelete>0</TriggerOnDelete>
      <AsyncAutodelete>0</AsyncAutodelete>
      <SyncWorkflowLogOnFailure>0</SyncWorkflowLogOnFailure>
      <StateCode>1</StateCode>
      <StatusCode>2</StatusCode>
      <RunAs>1</RunAs>
      <IsTransacted>1</IsTransacted>
      <IntroducedVersion>1.0.0.3</IntroducedVersion>
      <IsCustomizable>1</IsCustomizable>
      <BusinessProcessType>0</BusinessProcessType>
      <IsCustomProcessingStepAllowedForOtherPublishers>1</IsCustomProcessingStepAllowedForOtherPublishers>
      <PrimaryEntity>none</PrimaryEntity>
      <LocalizedNames>
        <LocalizedName languagecode="1033" description="Daily Email Reminder - Admin Team" />
      </LocalizedNames>
    </Workflow>
  </Workflows>
  <FieldSecurityProfiles></FieldSecurityProfiles>
  <Templates />
  <EntityMaps />
  <EntityRelationships />
  <OrganizationSettings />
  <optionsets />
  <CustomControls />
  <EntityDataProviders />
  <CanvasApps>
    <CanvasApp>
      <Name>tsinfo_requestformapp_71de9</Name>
      <AppVersion>2024-09-15T06:11:09Z</AppVersion>
      <Status>Ready</Status>
      <CreatedByClientVersion>3.24091.13.0</CreatedByClientVersion>
      <MinClientVersion>3.24091.13.0</MinClientVersion>
      <Tags>{"primaryDeviceWidth":"1366","primaryDeviceHeight":"768","supportsPortrait":"true","supportsLandscape":"true","primaryFormFactor":"Tablet","showStatusBar":"false","publisherVersion":"3.24091.13","minimumRequiredApiVersion":"2.2.0","hasComponent":"false","hasUnlockedComponent":"false","isUnifiedRootApp":"false","sienaVersion":"20240915T052811Z-3.24091.13.0"}</Tags>
      <IsCdsUpgraded>0</IsCdsUpgraded>
      <GalleryItemId xsi:nil="true"></GalleryItemId>
      <BackgroundColor>RGBA(0,176,240,1)</BackgroundColor>
      <DisplayName>Request Form App</DisplayName>
      <Description xsi:nil="true"></Description>
      <CommitMessage xsi:nil="true"></CommitMessage>
      <Publisher xsi:nil="true"></Publisher>
      <AuthorizationReferences>[]</AuthorizationReferences>
      <ConnectionReferences>{"984ac7ce-84ed-4ca1-8b6e-90bcfff2ba29":{"id":"/providers/microsoft.powerapps/apis/shared_sharepointonline","displayName":"SharePoint","iconUri":"https://connectoricons-prod.azureedge.net/u/jayawan/releases/v1.0.1697/1.0.1697.3786/sharepointonline/icon.png","dataSources":["Request Form Details","Admin Details","Requester Comment Details"],"dependencies":[],"dependents":[],"parameterHints":{},"parameterHintsV2":{},"isOnPremiseConnection":false,"bypassConsent":false,"dataSets":{"https://tsinfotechnologies.sharepoint.com/sites/DemoSite_tsinfo_shared_sharepointonline_1d44c8bba3214f66b0cc0dc7464f6ef5":{"datasetOverride":{"name":"https://tsinfotechnologies.sharepoint.com/sites/DemoSite","environmentVariableName":"tsinfo_shared_sharepointonline_1d44c8bba3214f66b0cc0dc7464f6ef5"},"dataSources":{"Request Form Details":{"tableName":"ad3c68dd-c55a-40af-a9d4-403438967262","tableNameOverride":{"name":"ad3c68dd-c55a-40af-a9d4-403438967262","environmentVariableName":"tsinfo_shared_sharepointonline_60ba12470be040a4a5008c9f96f7cff8"}},"Admin Details":{"tableName":"a917d5ab-eb5e-4d01-9837-84a7b614435e"},"Requester Comment Details":{"tableName":"1e690597-f559-47b2-ad09-c1c62f020a6d"}}}},"apiTier":"Standard","actions":["providers/PowerPlatform.Governance/Operations/Read","providers/PowerPlatform.Governance/Operations/Write"]}}</ConnectionReferences>
      <DatabaseReferences>{}</DatabaseReferences>
      <AppComponents>[]</AppComponents>
      <AppComponentDependencies>[]</AppComponentDependencies>
      <CanConsumeAppPass>1</CanConsumeAppPass>
      <CanvasAppType>0</CanvasAppType>
      <BypassConsent>0</BypassConsent>
      <AdminControlBypassConsent>0</AdminControlBypassConsent>
      <EmbeddedApp xsi:nil="true"></EmbeddedApp>
      <IntroducedVersion>1.0</IntroducedVersion>
      <CdsDependencies>{"cdsdependencies":[{"logicalname":"tsinfo_shared_sharepointonline_1d44c8bba3214f66b0cc0dc7464f6ef5","componenttype":380,"componenttypeplatformname":"EnvironmentVariableDefinition"},{"logicalname":"tsinfo_shared_sharepointonline_60ba12470be040a4a5008c9f96f7cff8","componenttype":380,"componenttypeplatformname":"EnvironmentVariableDefinition"}]}</CdsDependencies>
      <IsCustomizable>1</IsCustomizable>
      <BackgroundImageUri>/CanvasApps/tsinfo_requestformapp_71de9_BackgroundImageUri</BackgroundImageUri>
      <DocumentUri>/CanvasApps/tsinfo_requestformapp_71de9_DocumentUri.msapp</DocumentUri>
      <AdditionalUris>
        <AdditionalUri>/CanvasApps/tsinfo_requestformapp_71de9_AdditionalUris0_identity.json</AdditionalUri>
      </AdditionalUris>
    </CanvasApp>
  </CanvasApps>
  <connectionreferences>
    <connectionreference connectionreferencelogicalname="tsinfo_sharedoffice365_09488">
      <connectionreferencedisplayname>Office 365 Outlook RequestFormApp-09488</connectionreferencedisplayname>
      <connectorid>/providers/Microsoft.PowerApps/apis/shared_office365</connectorid>
      <iscustomizable>1</iscustomizable>
      <statecode>0</statecode>
      <statuscode>1</statuscode>
    </connectionreference>
    <connectionreference connectionreferencelogicalname="tsinfo_sharedsharepointonline_530ee">
      <connectionreferencedisplayname>SharePoint RequestFormApp-530ee</connectionreferencedisplayname>
      <connectorid>/providers/Microsoft.PowerApps/apis/shared_sharepointonline</connectorid>
      <iscustomizable>1</iscustomizable>
      <statecode>0</statecode>
      <statuscode>1</statuscode>
    </connectionreference>
  </connectionreferences>
  <Languages>
    <Language>1033</Language>
  </Languages>
</ImportExportXml>