{
  "properties": {
    "connectionReferences": {
      "shared_sharepointonline": {
        "api": {
          "name": "shared_sharepointonline"
        },
        "connection": {
          "connectionReferenceLogicalName": "tsinfo_sharedsharepointonline_530ee"
        },
        "runtimeSource": "embedded"
      },
      "shared_office365": {
        "api": {
          "name": "shared_office365"
        },
        "connection": {
          "connectionReferenceLogicalName": "tsinfo_sharedoffice365_09488"
        },
        "runtimeSource": "embedded"
      }
    },
    "definition": {
      "$schema": "https://schema.management.azure.com/providers/Microsoft.Logic/schemas/2016-06-01/workflowdefinition.json#",
      "contentVersion": "1.0.0.0",
      "parameters": {
        "$authentication": {
          "defaultValue": {},
          "type": "SecureObject"
        },
        "$connections": {
          "defaultValue": {},
          "type": "Object"
        },
        "DemoSite - https://tsinfotechnologies.sharepoint.com/sites/DemoSite (tsinfo_shared_sharepointonline_1d44c8bba3214f66b0cc0dc7464f6ef5)": {
          "defaultValue": "https://tsinfotechnologies.sharepoint.com/sites/DemoSite",
          "type": "String",
          "metadata": {
            "schemaName": "tsinfo_shared_sharepointonline_1d44c8bba3214f66b0cc0dc7464f6ef5"
          }
        },
        "Request Form Details (tsinfo_shared_sharepointonline_60ba12470be040a4a5008c9f96f7cff8)": {
          "defaultValue": "ad3c68dd-c55a-40af-a9d4-403438967262",
          "type": "String",
          "metadata": {
            "schemaName": "tsinfo_shared_sharepointonline_60ba12470be040a4a5008c9f96f7cff8"
          }
        },
        "Admin Details (tsinfo_AdminDetails)": {
          "defaultValue": "a917d5ab-eb5e-4d01-9837-84a7b614435e",
          "type": "String",
          "metadata": {
            "schemaName": "tsinfo_AdminDetails",
            "description": "list address"
          }
        },
        "Request Attachments (tsinfo_RequestAttachments)": {
          "defaultValue": "701b14b3-71e2-4645-9f78-0b66d055d127",
          "type": "String",
          "metadata": {
            "schemaName": "tsinfo_RequestAttachments"
          }
        },
        "Requester Comment Details (tsinfo_RequesterCommentDetails)": {
          "defaultValue": "1e690597-f559-47b2-ad09-c1c62f020a6d",
          "type": "String",
          "metadata": {
            "schemaName": "tsinfo_RequesterCommentDetails"
          }
        }
      },
      "triggers": {
        "When_an_item_is_created_or_modified_|_Request_Form_Details": {
          "type": "OpenApiConnection",
          "inputs": {
            "parameters": {
              "dataset": "@parameters('DemoSite - https://tsinfotechnologies.sharepoint.com/sites/DemoSite (tsinfo_shared_sharepointonline_1d44c8bba3214f66b0cc0dc7464f6ef5)')",
              "table": "@parameters('Request Form Details (tsinfo_shared_sharepointonline_60ba12470be040a4a5008c9f96f7cff8)')"
            },
            "host": {
              "apiId": "/providers/Microsoft.PowerApps/apis/shared_sharepointonline",
              "operationId": "GetOnUpdatedItems",
              "connectionName": "shared_sharepointonline"
            }
          },
          "recurrence": {
            "interval": 1,
            "frequency": "Minute"
          },
          "splitOn": "@triggerOutputs()?['body/value']",
          "metadata": {
            "operationMetadataId": "79cb1f82-0e07-4db5-a076-849790ea32f5"
          }
        }
      },
      "actions": {
        "Initialize_variable_|_var_Requester_ID_Prefix": {
          "type": "InitializeVariable",
          "inputs": {
            "variables": [
              {
                "name": "varRequesterIDPrefix",
                "type": "string",
                "value": "REQ"
              }
            ]
          },
          "runAfter": {},
          "metadata": {
            "operationMetadataId": "b505a27b-3b9e-4917-a4d8-6d73a2b502ec"
          }
        },
        "Initialize_variable_|_var_Attachments": {
          "type": "InitializeVariable",
          "inputs": {
            "variables": [
              {
                "name": " varAttachments",
                "type": "array"
              }
            ]
          },
          "runAfter": {
            "Initialize_variable_|_var_Requester_ID_Prefix": [
              "Succeeded"
            ]
          },
          "metadata": {
            "operationMetadataId": "37481bb9-06a0-49a2-924a-b69211e689fb"
          }
        },
        "Compose_|_Does_this_impact_your_ability_to_perform_work": {
          "type": "Compose",
          "inputs": "@if(equals(triggerBody()?['Doesitimpactmwork'],null),null,concat('<b>Does this impact your ability to perform work?</b>: ',triggerBody()?['Doesitimpactmwork']?['Value']))",
          "runAfter": {
            "Initialize_variable_|_var_Admin_Email": [
              "Succeeded"
            ]
          },
          "metadata": {
            "operationMetadataId": "4178fd74-210b-4127-89d9-e1056cdbf5b9"
          }
        },
        "Condition_|_Requester_ID_Null": {
          "type": "If",
          "expression": {
            "and": [
              {
                "equals": [
                  "@triggerBody()?['RequestID']",
                  "@null"
                ]
              }
            ]
          },
          "actions": {
            "Compose_|_Requester_ID": {
              "type": "Compose",
              "inputs": "@concat(variables('varRequesterIDPrefix'),'-',triggerBody()?['ID'],'-',formatDateTime(utcNow(),'yyyy'))",
              "metadata": {
                "operationMetadataId": "8a18b240-f1ed-4fb6-8f80-e8a6d670ed3a"
              }
            },
            "Condition_|_Check_Attachments": {
              "type": "If",
              "expression": {
                "and": [
                  {
                    "equals": [
                      "@triggerBody()?['{HasAttachments}']",
                      "@true"
                    ]
                  }
                ]
              },
              "actions": {
                "For_each_|__Attchment": {
                  "type": "Foreach",
                  "foreach": "@outputs('Get_attachments_|_Request_Form_Details')?['body']",
                  "actions": {
                    "Condition_|_Attachment_Extension": {
                      "type": "If",
                      "expression": {
                        "and": [
                          {
                            "endsWith": [
                              "@items('For_each_|__Attchment')?['DisplayName']",
                              ".txt"
                            ]
                          }
                        ]
                      },
                      "actions": {
                        "Append_to_array_variable_|__var_Attachments": {
                          "type": "AppendToArrayVariable",
                          "inputs": {
                            "name": " varAttachments",
                            "value": {
                              "Name": "@{items('For_each_|__Attchment')?['DisplayName']}",
                              "ContentBytes": "@{body('Get_attachment_content_|_Request_Form_Details')}"
                            }
                          },
                          "metadata": {
                            "operationMetadataId": "ae42ed17-724a-42de-92aa-15e4a3d56861"
                          }
                        }
                      },
                      "else": {
                        "actions": {
                          "Append_to_array_variable_|_var_Attachments": {
                            "type": "AppendToArrayVariable",
                            "inputs": {
                              "name": " varAttachments",
                              "value": {
                                "name": "@{items('For_each_|__Attchment')?['DisplayName']}",
                                "contentBytes": {
                                  "$content-type": "@{body('Get_attachment_content_|_Request_Form_Details')?['$content-type']}",
                                  "$content": "@{body('Get_attachment_content_|_Request_Form_Details')?['$content']}"
                                }
                              }
                            },
                            "metadata": {
                              "operationMetadataId": "8bac42bb-8e9a-4216-bc68-feb576ace463"
                            }
                          }
                        }
                      },
                      "runAfter": {
                        "Create_file_|_Inside_the_Folder": [
                          "Succeeded"
                        ]
                      },
                      "metadata": {
                        "operationMetadataId": "13355e99-fac9-4e7b-b015-f5f49b7fa0f8"
                      }
                    },
                    "Create_file_|_Inside_the_Folder": {
                      "type": "OpenApiConnection",
                      "inputs": {
                        "parameters": {
                          "dataset": "@parameters('DemoSite - https://tsinfotechnologies.sharepoint.com/sites/DemoSite (tsinfo_shared_sharepointonline_1d44c8bba3214f66b0cc0dc7464f6ef5)')",
                          "folderPath": "@concat(body('Create_new_folder_|_Request_Attachments')?['{Path}'],'/',concat(outputs('Compose_|_Requester_ID'),'-',triggerBody()?['Title']))",
                          "name": "@items('For_each_|__Attchment')?['DisplayName']",
                          "body": "@body('Get_attachment_content_|_Request_Form_Details')"
                        },
                        "host": {
                          "apiId": "/providers/Microsoft.PowerApps/apis/shared_sharepointonline",
                          "operationId": "CreateFile",
                          "connectionName": "shared_sharepointonline"
                        }
                      },
                      "runAfter": {
                        "Get_attachment_content_|_Request_Form_Details": [
                          "Succeeded"
                        ]
                      },
                      "runtimeConfiguration": {
                        "contentTransfer": {
                          "transferMode": "Chunked"
                        }
                      },
                      "metadata": {
                        "operationMetadataId": "07288a72-d827-4310-bf9d-fa140b7dff07"
                      }
                    },
                    "Get_attachment_content_|_Request_Form_Details": {
                      "type": "OpenApiConnection",
                      "inputs": {
                        "parameters": {
                          "dataset": "@parameters('DemoSite - https://tsinfotechnologies.sharepoint.com/sites/DemoSite (tsinfo_shared_sharepointonline_1d44c8bba3214f66b0cc0dc7464f6ef5)')",
                          "table": "@parameters('Request Form Details (tsinfo_shared_sharepointonline_60ba12470be040a4a5008c9f96f7cff8)')",
                          "itemId": "@triggerBody()?['ID']",
                          "attachmentId": "@items('For_each_|__Attchment')?['Id']"
                        },
                        "host": {
                          "apiId": "/providers/Microsoft.PowerApps/apis/shared_sharepointonline",
                          "operationId": "GetAttachmentContent",
                          "connectionName": "shared_sharepointonline"
                        }
                      },
                      "metadata": {
                        "operationMetadataId": "7482aef9-22ff-48cf-ae46-8730efde5151"
                      }
                    }
                  },
                  "runAfter": {
                    "Create_new_folder_|_Request_Attachments": [
                      "Succeeded"
                    ]
                  },
                  "metadata": {
                    "operationMetadataId": "1e60ab05-a721-4922-a387-564fd1215196"
                  }
                },
                "Get_attachments_|_Request_Form_Details": {
                  "type": "OpenApiConnection",
                  "inputs": {
                    "parameters": {
                      "dataset": "@parameters('DemoSite - https://tsinfotechnologies.sharepoint.com/sites/DemoSite (tsinfo_shared_sharepointonline_1d44c8bba3214f66b0cc0dc7464f6ef5)')",
                      "table": "@parameters('Request Form Details (tsinfo_shared_sharepointonline_60ba12470be040a4a5008c9f96f7cff8)')",
                      "itemId": "@triggerBody()?['ID']"
                    },
                    "host": {
                      "apiId": "/providers/Microsoft.PowerApps/apis/shared_sharepointonline",
                      "operationId": "GetItemAttachments",
                      "connectionName": "shared_sharepointonline"
                    }
                  },
                  "metadata": {
                    "operationMetadataId": "91fcad58-a143-47c0-b53b-403f2b8d81fb"
                  }
                },
                "Create_new_folder_|_Request_Attachments": {
                  "type": "OpenApiConnection",
                  "inputs": {
                    "parameters": {
                      "dataset": "@parameters('DemoSite - https://tsinfotechnologies.sharepoint.com/sites/DemoSite (tsinfo_shared_sharepointonline_1d44c8bba3214f66b0cc0dc7464f6ef5)')",
                      "table": "@parameters('Request Attachments (tsinfo_RequestAttachments)')",
                      "parameters/path": "@concat(outputs('Compose_|_Requester_ID'),'-',triggerBody()?['Title'])",
                      "view": "9c9ccbfc-cb18-4114-aa9c-f6291b550a40"
                    },
                    "host": {
                      "apiId": "/providers/Microsoft.PowerApps/apis/shared_sharepointonline",
                      "operationId": "CreateNewFolder",
                      "connectionName": "shared_sharepointonline"
                    }
                  },
                  "runAfter": {
                    "Get_attachments_|_Request_Form_Details": [
                      "Succeeded"
                    ]
                  },
                  "metadata": {
                    "operationMetadataId": "30361ce2-bbe8-4adb-b4a2-492ce8b182e1"
                  }
                }
              },
              "else": {
                "actions": {}
              },
              "runAfter": {
                "Compose_|_Requester_ID": [
                  "Succeeded"
                ]
              },
              "metadata": {
                "operationMetadataId": "12224c6d-1603-438d-be4e-80cfc5261f40"
              }
            },
            "Send_an_email_(V2)_|_Requester": {
              "type": "OpenApiConnection",
              "inputs": {
                "parameters": {
                  "emailMessage/To": "@triggerBody()?['Requester']?['Email']",
                  "emailMessage/Subject": "Request Submission Confirmation: @{outputs('Compose_|_Requester_ID')}",
                  "emailMessage/Body": "<p class=\"editor-paragraph\">Dear @{triggerBody()?['Requester']?['DisplayName']},<br><br>Thank you for submitting your request. Here are the details of your submission:<br><br><b><strong class=\"editor-text-bold\">Request Number</strong></b>: @{outputs('Compose_|_Requester_ID')}<br><b><strong class=\"editor-text-bold\">Date Submitted</strong></b>: @{triggerBody()?['DateSubmitted']}<br><b><strong class=\"editor-text-bold\">Title</strong></b>: @{triggerBody()?['Title']}<br><b><strong class=\"editor-text-bold\">Office</strong></b>: @{triggerBody()?['Office']?['Value']}<br><b><strong class=\"editor-text-bold\">System</strong></b>: @{triggerBody()?['System']?['Value']}<br><b><strong class=\"editor-text-bold\">Category</strong></b>: @{triggerBody()?['Category']?['Value']}<br><b><strong class=\"editor-text-bold\">Backup POC</strong></b>: @{triggerBody()?['BackupPOC']?['DisplayName']}<br><b><strong class=\"editor-text-bold\">Description</strong></b>: @{triggerBody()?['Description']}<br>@{outputs('Compose_|_Does_this_impact_your_ability_to_perform_work')}</p><br><p class=\"editor-paragraph\">You can view your request by clicking on the link below:</p><p class=\"editor-paragraph\">[<a class=\"editor-link\" href=\"https://apps.powerapps.com/play/e/default-f0e4273f-10c1-4551-a494-977ebeb5b5fa/a/9acf9047-089e-4202-92f2-83c85aaa811f?tenantId=f0e4273f-10c1-4551-a494-977ebeb5b5fa&amp;hint=966e94a1-15be-4d41-af48-4f4d31bf2611&amp;ScreenName=MyRequests\">Click here</a>]</p><br><p class=\"editor-paragraph\">Please review the attached documents, if any. Your request will be processed, and you will be notified of any updates.</p><br><p class=\"editor-paragraph\">Thank you</p>",
                  "emailMessage/Attachments": "@variables(' varAttachments')",
                  "emailMessage/Importance": "Normal"
                },
                "host": {
                  "apiId": "/providers/Microsoft.PowerApps/apis/shared_office365",
                  "operationId": "SendEmailV2",
                  "connectionName": "shared_office365"
                }
              },
              "runAfter": {
                "Condition_|_Check_Attachments": [
                  "Succeeded"
                ]
              },
              "metadata": {
                "operationMetadataId": "c0790eb3-56ac-4194-ab23-ca95d1e6144c"
              }
            },
            "Update_item_|_Request_Form_Details": {
              "type": "OpenApiConnection",
              "inputs": {
                "parameters": {
                  "dataset": "@parameters('DemoSite - https://tsinfotechnologies.sharepoint.com/sites/DemoSite (tsinfo_shared_sharepointonline_1d44c8bba3214f66b0cc0dc7464f6ef5)')",
                  "table": "@parameters('Request Form Details (tsinfo_shared_sharepointonline_60ba12470be040a4a5008c9f96f7cff8)')",
                  "id": "@triggerBody()?['ID']",
                  "item/Title": "@triggerBody()?['Title']",
                  "item/DateSubmitted": "@triggerBody()?['DateSubmitted']",
                  "item/Description": "@triggerBody()?['Description']",
                  "item/RequestID": "@outputs('Compose_|_Requester_ID')",
                  "item/Status/Value": "Open"
                },
                "host": {
                  "apiId": "/providers/Microsoft.PowerApps/apis/shared_sharepointonline",
                  "operationId": "PatchItem",
                  "connectionName": "shared_sharepointonline"
                }
              },
              "runAfter": {
                "Send_an_email_(V2)_|_Requester": [
                  "Succeeded"
                ]
              },
              "metadata": {
                "operationMetadataId": "3df34aa0-c1fd-40c1-86bc-7dcbe57dad5e"
              }
            },
            "Send_an_email_(V2)_|_Admin": {
              "type": "OpenApiConnection",
              "inputs": {
                "parameters": {
                  "emailMessage/To": "@variables('varAdminEmail')",
                  "emailMessage/Subject": "New Request Submitted: @{outputs('Compose_|_Requester_ID')}",
                  "emailMessage/Body": "<p class=\"editor-paragraph\">Hello Admin Team,<br><br>A new request has been submitted with the following details:<br><br><b><strong class=\"editor-text-bold\">Request</strong></b>: @{outputs('Compose_|_Requester_ID')}<br><b><strong class=\"editor-text-bold\">Date Submitted</strong></b>: @{triggerBody()?['DateSubmitted']}<br><b><strong class=\"editor-text-bold\">Title</strong></b>: @{triggerBody()?['Title']}<br><b><strong class=\"editor-text-bold\">Office</strong></b>: @{triggerBody()?['Office']?['Value']}<br><b><strong class=\"editor-text-bold\">System</strong></b>: @{triggerBody()?['System']?['Value']}<br><b><strong class=\"editor-text-bold\">Requester</strong></b>: @{triggerBody()?['Requester']?['DisplayName']}<br><b><strong class=\"editor-text-bold\">Backup POC</strong></b>: @{triggerBody()?['BackupPOC']?['DisplayName']}<br><b><strong class=\"editor-text-bold\">Category</strong></b>: @{triggerBody()?['Category']?['Value']}<br><b><strong class=\"editor-text-bold\">Description</strong></b>: @{triggerBody()?['Description']}<br>@{outputs('Compose_|_Does_this_impact_your_ability_to_perform_work')}</p><br><br><p class=\"editor-paragraph\">You can view your request by clicking on the link below:<br>[<a class=\"editor-link\" href=\"https://apps.powerapps.com/play/e/default-f0e4273f-10c1-4551-a494-977ebeb5b5fa/a/9acf9047-089e-4202-92f2-83c85aaa811f?tenantId=f0e4273f-10c1-4551-a494-977ebeb5b5fa&amp;hint=966e94a1-15be-4d41-af48-4f4d31bf2611&amp;ScreenName=AllRequests\">Click here</a>]</p><p class=\"editor-paragraph\"><br>Please review and take the necessary action on this request.<br><br>Thank you</p>",
                  "emailMessage/Attachments": "@variables(' varAttachments')",
                  "emailMessage/Importance": "Normal"
                },
                "host": {
                  "apiId": "/providers/Microsoft.PowerApps/apis/shared_office365",
                  "operationId": "SendEmailV2",
                  "connectionName": "shared_office365"
                }
              },
              "runAfter": {
                "Condition_|_Check_Attachments": [
                  "Succeeded"
                ]
              },
              "metadata": {
                "operationMetadataId": "6643097f-ac33-4935-af14-68bdd3caf0c7"
              }
            },
            "For_each": {
              "type": "Foreach",
              "foreach": "@outputs('Get_items_|_Requester_Comment_Details')?['body/value']",
              "actions": {
                "Update_item": {
                  "type": "OpenApiConnection",
                  "inputs": {
                    "parameters": {
                      "dataset": "@parameters('DemoSite - https://tsinfotechnologies.sharepoint.com/sites/DemoSite (tsinfo_shared_sharepointonline_1d44c8bba3214f66b0cc0dc7464f6ef5)')",
                      "table": "@parameters('Requester Comment Details (tsinfo_RequesterCommentDetails)')",
                      "id": "@item()?['ID']",
                      "item/RequestID": "@outputs('Compose_|_Requester_ID')"
                    },
                    "host": {
                      "apiId": "/providers/Microsoft.PowerApps/apis/shared_sharepointonline",
                      "operationId": "PatchItem",
                      "connectionName": "shared_sharepointonline"
                    }
                  },
                  "metadata": {
                    "operationMetadataId": "73c835f0-509c-4ddb-9fe4-133635d9ae02"
                  }
                }
              },
              "runAfter": {
                "Update_item_|_Request_Form_Details": [
                  "Succeeded"
                ]
              },
              "metadata": {
                "operationMetadataId": "23bb1e81-3778-4c84-b801-943dc612df23"
              }
            }
          },
          "else": {
            "actions": {
              "Switch_|_Status_Value": {
                "type": "Switch",
                "expression": "@triggerBody()?['Status']?['Value']",
                "default": {
                  "actions": {}
                },
                "cases": {
                  "Case_|_Open": {
                    "actions": {
                      "Send_an_email_(V2)_|_Open": {
                        "type": "OpenApiConnection",
                        "inputs": {
                          "parameters": {
                            "emailMessage/To": "@triggerBody()?['Requester']?['Email']",
                            "emailMessage/Subject": "Your Request @{triggerBody()?['RequestID']} Has Been Received - Status: Open",
                            "emailMessage/Body": "<p class=\"editor-paragraph\">Dear @{triggerBody()?['Requester']?['DisplayName']},<br><br>Your request has been received and is now marked as \"Open\". Below are the details:<br><br>Request ID: @{triggerBody()?['RequestID']}<br>Current Status: @{triggerBody()?['Status']?['Value']}<br>You can view your request by clicking on the link below:<br>[<a class=\"editor-link\" href=\"https://apps.powerapps.com/play/e/default-f0e4273f-10c1-4551-a494-977ebeb5b5fa/a/9acf9047-089e-4202-92f2-83c85aaa811f?tenantId=f0e4273f-10c1-4551-a494-977ebeb5b5fa&amp;hint=966e94a1-15be-4d41-af48-4f4d31bf2611&amp;ScreenName=MyRequests\">Click here</a>]<br><br>Thank you<br><br></p><br>",
                            "emailMessage/Importance": "Normal"
                          },
                          "host": {
                            "apiId": "/providers/Microsoft.PowerApps/apis/shared_office365",
                            "operationId": "SendEmailV2",
                            "connectionName": "shared_office365"
                          }
                        },
                        "metadata": {
                          "operationMetadataId": "63d4e47a-2048-46cf-acc0-b1063ed184f5"
                        }
                      }
                    },
                    "case": "Open"
                  },
                  "Case_|_In_Progress": {
                    "actions": {
                      "Send_an_email_(V2)_|_In_Progress": {
                        "type": "OpenApiConnection",
                        "inputs": {
                          "parameters": {
                            "emailMessage/To": "@triggerBody()?['Requester']?['Email']",
                            "emailMessage/Subject": "Your Request @{triggerBody()?['RequestID']} is Now In Progress",
                            "emailMessage/Body": "<p class=\"editor-paragraph\">Dear @{triggerBody()?['Requester']?['DisplayName']},<br><br>Your request has been moved to \"In Progress\". Below are the details:<br><br>Request ID: @{triggerBody()?['RequestID']}<br>Status: @{triggerBody()?['Status']?['Value']}<br>You can view your request by clicking on the link below:<br>[<a class=\"editor-link\" href=\"https://apps.powerapps.com/play/e/default-f0e4273f-10c1-4551-a494-977ebeb5b5fa/a/9acf9047-089e-4202-92f2-83c85aaa811f?tenantId=f0e4273f-10c1-4551-a494-977ebeb5b5fa&amp;hint=966e94a1-15be-4d41-af48-4f4d31bf2611&amp;ScreenName=MyRequests\">Click here</a>]<br><br>Thank you<br></p><br>",
                            "emailMessage/Importance": "Normal"
                          },
                          "host": {
                            "apiId": "/providers/Microsoft.PowerApps/apis/shared_office365",
                            "operationId": "SendEmailV2",
                            "connectionName": "shared_office365"
                          }
                        },
                        "metadata": {
                          "operationMetadataId": "0fbb7001-908f-4a49-b2aa-a4ad344203bb"
                        }
                      },
                      "For_each_1": {
                        "type": "Foreach",
                        "foreach": "@outputs('Get_items__|_Requester_Comment_Details')?['body/value']",
                        "actions": {
                          "Condition": {
                            "type": "If",
                            "expression": {
                              "and": [
                                {
                                  "not": {
                                    "equals": [
                                      "@triggerBody()?['AssignedtoPrimary']?['Email']",
                                      "@null"
                                    ]
                                  }
                                },
                                {
                                  "not": {
                                    "equals": [
                                      "@items('For_each_1')?['Comment']",
                                      "@null"
                                    ]
                                  }
                                }
                              ]
                            },
                            "actions": {
                              "Send_an_email_(V2)": {
                                "type": "OpenApiConnection",
                                "inputs": {
                                  "parameters": {
                                    "emailMessage/To": "@{triggerBody()?['AssignedtoPrimary']?['Email']};@{triggerBody()?['AssignedtoSupport']?['Email']}",
                                    "emailMessage/Subject": "New Comment Submitted on @{triggerBody()?['RequestID']} by @{triggerBody()?['Requester']?['DisplayName']}",
                                    "emailMessage/Body": "<p class=\"editor-paragraph\">Hello,<br><br>A new comment has been submitted by @{triggerBody()?['Requester']?['DisplayName']} on Request @{triggerBody()?['RequestID']}. Below are the details:<br><br><b><strong class=\"editor-text-bold\">Request ID</strong></b>: @{triggerBody()?['RequestID']}<br><b><strong class=\"editor-text-bold\">Requestor Name</strong></b>: @{triggerBody()?['Requester']?['DisplayName']}<br><b><strong class=\"editor-text-bold\">Comment</strong></b>: @{items('For_each_1')?['Comment']}<br><br><b><strong class=\"editor-text-bold\">Date and Time of Comment Submission</strong></b>: @{formatDateTime(items('For_each_1')?['CommentSubmissionDate'],'dd/MM/yyyy hh:mm tt')}<br><br>Please review the comment and take the necessary actions.<br>You can view the full requests at the following link: [<a class=\"editor-link\" href=\"https://apps.powerapps.com/play/e/default-f0e4273f-10c1-4551-a494-977ebeb5b5fa/a/9acf9047-089e-4202-92f2-83c85aaa811f?tenantId=f0e4273f-10c1-4551-a494-977ebeb5b5fa&amp;hint=966e94a1-15be-4d41-af48-4f4d31bf2611&amp;ScreenName=AllRequests\">Request Link</a>]</p>",
                                    "emailMessage/Importance": "Normal"
                                  },
                                  "host": {
                                    "apiId": "/providers/Microsoft.PowerApps/apis/shared_office365",
                                    "operationId": "SendEmailV2",
                                    "connectionName": "shared_office365"
                                  }
                                },
                                "metadata": {
                                  "operationMetadataId": "b0b02a50-1e26-40cf-9e1a-16276968a898"
                                }
                              }
                            },
                            "else": {
                              "actions": {}
                            },
                            "metadata": {
                              "operationMetadataId": "459230e8-7a3c-46b0-a257-7d104b08f8bd"
                            }
                          }
                        },
                        "runAfter": {
                          "Send_an_email_(V2)_|_In_Progress": [
                            "SUCCEEDED"
                          ]
                        },
                        "metadata": {
                          "operationMetadataId": "1ac78cbc-a2c1-4b65-9a79-9215a8b04cdf"
                        }
                      }
                    },
                    "case": "In Progress"
                  },
                  "Case_|_Requester_Review": {
                    "actions": {
                      "Send_an_email_(V2)_|_Requester_Review": {
                        "type": "OpenApiConnection",
                        "inputs": {
                          "parameters": {
                            "emailMessage/To": "@triggerBody()?['Requester']?['Email']",
                            "emailMessage/Subject": "Your Request @{triggerBody()?['RequestID']} is Ready for Your Review",
                            "emailMessage/Body": "<p class=\"editor-paragraph\">Dear @{triggerBody()?['Requester']?['DisplayName']},<br><br>Your request is ready for your review. Below are the details:<br><br>Request ID: @{triggerBody()?['RequestID']}<br>Status: @{triggerBody()?['Status']?['Value']}<br>Please review the request and provide any feedback by clicking on the link below:<br>[<a class=\"editor-link\" href=\"https://apps.powerapps.com/play/e/default-f0e4273f-10c1-4551-a494-977ebeb5b5fa/a/9acf9047-089e-4202-92f2-83c85aaa811f?tenantId=f0e4273f-10c1-4551-a494-977ebeb5b5fa&amp;hint=966e94a1-15be-4d41-af48-4f4d31bf2611&amp;ScreenName=MyRequests\">Click here</a>]<br><br>Thank you<br></p><br>",
                            "emailMessage/Importance": "Normal"
                          },
                          "host": {
                            "apiId": "/providers/Microsoft.PowerApps/apis/shared_office365",
                            "operationId": "SendEmailV2",
                            "connectionName": "shared_office365"
                          }
                        },
                        "metadata": {
                          "operationMetadataId": "4a3bf952-4d78-497c-a956-bf09b0f39368"
                        }
                      }
                    },
                    "case": "Requester Review"
                  },
                  "Case_|_Closed": {
                    "actions": {
                      "Send_an_email_(V2)_|_Closed": {
                        "type": "OpenApiConnection",
                        "inputs": {
                          "parameters": {
                            "emailMessage/To": "@triggerBody()?['Requester']?['Email']",
                            "emailMessage/Subject": "Your Request @{triggerBody()?['RequestID']} is Now Closed",
                            "emailMessage/Body": "<p class=\"editor-paragraph\">Dear @{triggerBody()?['Requester']?['DisplayName']},<br><br>Your request has been closed. Below are the details:<br><br>Request ID: @{triggerBody()?['RequestID']}<br>Status: @{triggerBody()?['Status']?['Value']}<br>You can view your request by clicking on the link below:<br>[<a class=\"editor-link\" href=\"https://apps.powerapps.com/play/e/default-f0e4273f-10c1-4551-a494-977ebeb5b5fa/a/9acf9047-089e-4202-92f2-83c85aaa811f?tenantId=f0e4273f-10c1-4551-a494-977ebeb5b5fa&amp;hint=966e94a1-15be-4d41-af48-4f4d31bf2611&amp;ScreenName=MyRequests\">Click here</a>]<br><br>Thank you<br></p><br>",
                            "emailMessage/Importance": "Normal"
                          },
                          "host": {
                            "apiId": "/providers/Microsoft.PowerApps/apis/shared_office365",
                            "operationId": "SendEmailV2",
                            "connectionName": "shared_office365"
                          }
                        },
                        "metadata": {
                          "operationMetadataId": "d1367d55-38bd-4bc1-a742-fa6091660453"
                        }
                      }
                    },
                    "case": "Closed"
                  }
                },
                "runAfter": {
                  "Get_items__|_Requester_Comment_Details": [
                    "Succeeded"
                  ]
                },
                "metadata": {
                  "operationMetadataId": "0335db61-c913-4116-aacb-89a35e38ccce"
                }
              },
              "Get_items__|_Requester_Comment_Details": {
                "type": "OpenApiConnection",
                "inputs": {
                  "parameters": {
                    "dataset": "@parameters('DemoSite - https://tsinfotechnologies.sharepoint.com/sites/DemoSite (tsinfo_shared_sharepointonline_1d44c8bba3214f66b0cc0dc7464f6ef5)')",
                    "table": "@parameters('Requester Comment Details (tsinfo_RequesterCommentDetails)')",
                    "$filter": "RequestID eq '@{triggerBody()?['RequestID']}'"
                  },
                  "host": {
                    "apiId": "/providers/Microsoft.PowerApps/apis/shared_sharepointonline",
                    "operationId": "GetItems",
                    "connectionName": "shared_sharepointonline"
                  }
                },
                "metadata": {
                  "operationMetadataId": "14f390cd-00ab-44d5-a60b-03da63cccdd3"
                }
              }
            }
          },
          "runAfter": {
            "Get_items_|_Requester_Comment_Details": [
              "Succeeded"
            ]
          },
          "metadata": {
            "operationMetadataId": "4faee616-2c75-44d2-89f1-6308d570616f"
          }
        },
        "Get_items_|_Admin_Details": {
          "type": "OpenApiConnection",
          "inputs": {
            "parameters": {
              "dataset": "@parameters('DemoSite - https://tsinfotechnologies.sharepoint.com/sites/DemoSite (tsinfo_shared_sharepointonline_1d44c8bba3214f66b0cc0dc7464f6ef5)')",
              "table": "@parameters('Admin Details (tsinfo_AdminDetails)')",
              "$top": 10
            },
            "host": {
              "apiId": "/providers/Microsoft.PowerApps/apis/shared_sharepointonline",
              "operationId": "GetItems",
              "connectionName": "shared_sharepointonline"
            }
          },
          "runAfter": {
            "Compose_|_Does_this_impact_your_ability_to_perform_work": [
              "Succeeded"
            ]
          },
          "metadata": {
            "operationMetadataId": "4d55d372-e6fa-465b-acb5-0bbe3148acc9"
          }
        },
        "Initialize_variable_|_var_Admin_Email": {
          "type": "InitializeVariable",
          "inputs": {
            "variables": [
              {
                "name": "varAdminEmail",
                "type": "string"
              }
            ]
          },
          "runAfter": {
            "Initialize_variable_|_var_Attachments": [
              "Succeeded"
            ]
          },
          "metadata": {
            "operationMetadataId": "c6425a49-6c20-4187-902c-6c9af1670cc8"
          }
        },
        "For_each_|_Admin": {
          "type": "Foreach",
          "foreach": "@outputs('Get_items_|_Admin_Details')?['body/value']",
          "actions": {
            "Select_|_Admin_Email": {
              "type": "Select",
              "inputs": {
                "from": "@items('For_each_|_Admin')?['Approvers']",
                "select": "@item()?['Email']"
              },
              "metadata": {
                "operationMetadataId": "4bbe47de-121a-4178-99f9-f51bff1dcf84"
              }
            },
            "Join_|_Admin_Email": {
              "type": "Join",
              "inputs": {
                "from": "@body('Select_|_Admin_Email')",
                "joinWith": ";"
              },
              "runAfter": {
                "Select_|_Admin_Email": [
                  "Succeeded"
                ]
              },
              "metadata": {
                "operationMetadataId": "38d2da83-45a1-4d17-a118-61dd60192244"
              }
            },
            "Set_variable_|_var_Admin_Email": {
              "type": "SetVariable",
              "inputs": {
                "name": "varAdminEmail",
                "value": "@body('Join_|_Admin_Email')"
              },
              "runAfter": {
                "Join_|_Admin_Email": [
                  "Succeeded"
                ]
              },
              "metadata": {
                "operationMetadataId": "f7d1c41d-a653-4cb2-ae11-18aedfaaa042"
              }
            }
          },
          "runAfter": {
            "Get_items_|_Admin_Details": [
              "Succeeded"
            ]
          },
          "metadata": {
            "operationMetadataId": "19eec504-9176-46e3-95cc-0b050057cdbd"
          }
        },
        "Get_items_|_Requester_Comment_Details": {
          "type": "OpenApiConnection",
          "inputs": {
            "parameters": {
              "dataset": "@parameters('DemoSite - https://tsinfotechnologies.sharepoint.com/sites/DemoSite (tsinfo_shared_sharepointonline_1d44c8bba3214f66b0cc0dc7464f6ef5)')",
              "table": "@parameters('Requester Comment Details (tsinfo_RequesterCommentDetails)')",
              "$filter": "Requester/EMail eq '@{triggerBody()?['Requester']?['Email']}' and RequestID eq null"
            },
            "host": {
              "apiId": "/providers/Microsoft.PowerApps/apis/shared_sharepointonline",
              "operationId": "GetItems",
              "connectionName": "shared_sharepointonline"
            }
          },
          "runAfter": {
            "For_each_|_Admin": [
              "Succeeded"
            ]
          },
          "metadata": {
            "operationMetadataId": "65e69466-9798-46f4-b4c5-c41a28ae53f8"
          }
        }
      },
      "outputs": {}
    },
    "templateName": null
  },
  "schemaVersion": "1.0.0.0"
}