{
  "properties": {
    "connectionReferences": {
      "shared_office365": {
        "runtimeSource": "embedded",
        "connection": {
          "connectionReferenceLogicalName": "tsinfo_sharedoffice365_09488"
        },
        "api": {
          "name": "shared_office365"
        }
      },
      "shared_sharepointonline": {
        "runtimeSource": "embedded",
        "connection": {
          "connectionReferenceLogicalName": "tsinfo_sharedsharepointonline_530ee"
        },
        "api": {
          "name": "shared_sharepointonline"
        }
      }
    },
    "definition": {
      "$schema": "https://schema.management.azure.com/providers/Microsoft.Logic/schemas/2016-06-01/workflowdefinition.json#",
      "contentVersion": "undefined",
      "parameters": {
        "$connections": {
          "defaultValue": {},
          "type": "Object"
        },
        "$authentication": {
          "defaultValue": {},
          "type": "SecureObject"
        },
        "DemoSite - https://tsinfotechnologies.sharepoint.com/sites/DemoSite (tsinfo_shared_sharepointonline_1d44c8bba3214f66b0cc0dc7464f6ef5)": {
          "defaultValue": "https://tsinfotechnologies.sharepoint.com/sites/DemoSite",
          "type": "String",
          "metadata": {
            "schemaName": "tsinfo_shared_sharepointonline_1d44c8bba3214f66b0cc0dc7464f6ef5"
          }
        },
        "Request Form Details (tsinfo_shared_sharepointonline_60ba12470be040a4a5008c9f96f7cff8)": {
          "defaultValue": "ad3c68dd-c55a-40af-a9d4-403438967262",
          "type": "String",
          "metadata": {
            "schemaName": "tsinfo_shared_sharepointonline_60ba12470be040a4a5008c9f96f7cff8"
          }
        },
        "Admin Details (tsinfo_AdminDetails)": {
          "defaultValue": "a917d5ab-eb5e-4d01-9837-84a7b614435e",
          "type": "String",
          "metadata": {
            "schemaName": "tsinfo_AdminDetails",
            "description": "list address"
          }
        }
      },
      "triggers": {
        "Recurrence": {
          "recurrence": {
            "frequency": "Day",
            "interval": 1,
            "timeZone": "Eastern Standard Time",
            "schedule": {
              "hours": [
                "8"
              ],
              "minutes": [
                30
              ]
            }
          },
          "metadata": {
            "operationMetadataId": "67a5221b-8083-49af-a0a1-61a1ff9f86ee"
          },
          "type": "Recurrence"
        }
      },
      "actions": {
        "For_each": {
          "foreach": "@outputs('Get_items_|_Request_Form_Details')?['body/value']",
          "actions": {
            "Condition": {
              "actions": {
                "Send_an_email_(V2)": {
                  "runAfter": {},
                  "metadata": {
                    "operationMetadataId": "51b90696-61b4-493e-8f4c-18220b134b3a"
                  },
                  "type": "OpenApiConnection",
                  "inputs": {
                    "host": {
                      "connectionName": "shared_office365",
                      "operationId": "SendEmailV2",
                      "apiId": "/providers/Microsoft.PowerApps/apis/shared_office365"
                    },
                    "parameters": {
                      "emailMessage/To": "@variables('varAdminEmail')",
                      "emailMessage/Subject": "Unassigned Requests Needing Attention - @{items('For_each')?['RequestID']}",
                      "emailMessage/Body": "<p class=\"editor-paragraph\">Dear Team,<br><br>Below are the requests that are still in \"Open\" status and need attention:<br>[<a class=\"editor-link\" href=\"https://apps.powerapps.com/play/e/default-f0e4273f-10c1-4551-a494-977ebeb5b5fa/a/9acf9047-089e-4202-92f2-83c85aaa811f?tenantId=f0e4273f-10c1-4551-a494-977ebeb5b5fa&amp;hint=966e94a1-15be-4d41-af48-4f4d31bf2611&amp;ScreenName=AllRequests\">Click here</a>]<br><br>Regards,<br></p><br>",
                      "emailMessage/Importance": "Normal"
                    },
                    "authentication": "@parameters('$authentication')"
                  }
                }
              },
              "runAfter": {
                "Compose": [
                  "Succeeded"
                ]
              },
              "else": {
                "actions": {
                  "Send_an_email_(V2)_1": {
                    "runAfter": {},
                    "metadata": {
                      "operationMetadataId": "167b7bbe-86a3-4d87-82cc-3e381d94860c"
                    },
                    "type": "OpenApiConnection",
                    "inputs": {
                      "host": {
                        "connectionName": "shared_office365",
                        "operationId": "SendEmailV2",
                        "apiId": "/providers/Microsoft.PowerApps/apis/shared_office365"
                      },
                      "parameters": {
                        "emailMessage/To": "@variables('varAdminEmail')",
                        "emailMessage/Subject": " Requests Open for 4+ Days - Immediate Action Required - @{items('For_each')?['RequestID']}",
                        "emailMessage/Body": "<p class=\"editor-paragraph\">Dear Team,<br><br>The following requests have been in \"Open\" status for more than 4 days:<br>[<a class=\"editor-link\" href=\"https://apps.powerapps.com/play/e/default-f0e4273f-10c1-4551-a494-977ebeb5b5fa/a/9acf9047-089e-4202-92f2-83c85aaa811f?tenantId=f0e4273f-10c1-4551-a494-977ebeb5b5fa&amp;hint=966e94a1-15be-4d41-af48-4f4d31bf2611&amp;ScreenName=AllRequests\">Click here</a>]<br><br>Please review and take the necessary actions.<br><br>Regards,<br></p><br>",
                        "emailMessage/Importance": "Normal"
                      },
                      "authentication": "@parameters('$authentication')"
                    }
                  }
                }
              },
              "expression": {
                "and": [
                  {
                    "less": [
                      "@formatDateTime(utcNow(),'dd/MM/yyyy')",
                      "@outputs('Compose')"
                    ]
                  }
                ]
              },
              "metadata": {
                "operationMetadataId": "bd684ae3-1b28-4172-ad64-79892455a5b3"
              },
              "type": "If"
            },
            "Compose": {
              "runAfter": {},
              "metadata": {
                "operationMetadataId": "06db13c1-2f40-402a-9dfe-2de86b43acf5"
              },
              "type": "Compose",
              "inputs": "@formatDateTime(addDays(items('For_each')?['DateSubmitted'],3),'dd/MM/yyyy')"
            }
          },
          "runAfter": {
            "For_each_|_var_Admin_Email": [
              "Succeeded"
            ]
          },
          "metadata": {
            "operationMetadataId": "72b9e7da-218a-4194-9196-30fcc66a97f2"
          },
          "type": "Foreach"
        },
        "Get_items_|_Admin_Details": {
          "runAfter": {
            "Get_items_|_Request_Form_Details": [
              "Succeeded"
            ]
          },
          "metadata": {
            "operationMetadataId": "0bf840cc-8a23-4847-8079-b6ba3ff0561b"
          },
          "type": "OpenApiConnection",
          "inputs": {
            "host": {
              "connectionName": "shared_sharepointonline",
              "operationId": "GetItems",
              "apiId": "/providers/Microsoft.PowerApps/apis/shared_sharepointonline"
            },
            "parameters": {
              "dataset": "@parameters('DemoSite - https://tsinfotechnologies.sharepoint.com/sites/DemoSite (tsinfo_shared_sharepointonline_1d44c8bba3214f66b0cc0dc7464f6ef5)')",
              "table": "@parameters('Admin Details (tsinfo_AdminDetails)')"
            },
            "authentication": "@parameters('$authentication')"
          }
        },
        "For_each_|_var_Admin_Email": {
          "foreach": "@outputs('Get_items_|_Admin_Details')?['body/value']",
          "actions": {
            "Select_|_var_Admin_Email": {
              "runAfter": {},
              "metadata": {
                "operationMetadataId": "c184fcab-deb6-481e-88fd-220e174958fc"
              },
              "type": "Select",
              "inputs": {
                "from": "@item()?['Approvers']",
                "select": "@item()?['Email']"
              }
            },
            "Join_|_var_Admin_Email": {
              "runAfter": {
                "Select_|_var_Admin_Email": [
                  "Succeeded"
                ]
              },
              "metadata": {
                "operationMetadataId": "25843c68-8b1d-4eeb-871f-66ff653fa516"
              },
              "type": "Join",
              "inputs": {
                "from": "@body('Select_|_var_Admin_Email')",
                "joinWith": ";"
              }
            },
            "Set_variable_|_var_Admin_Email": {
              "runAfter": {
                "Join_|_var_Admin_Email": [
                  "Succeeded"
                ]
              },
              "metadata": {
                "operationMetadataId": "8e881444-78c9-4983-ba9d-887f651f737d"
              },
              "type": "SetVariable",
              "inputs": {
                "name": "varAdminEmail",
                "value": "@body('Join_|_var_Admin_Email')"
              }
            }
          },
          "runAfter": {
            "Initialize_variable_|_var_Admin_Email": [
              "Succeeded"
            ]
          },
          "metadata": {
            "operationMetadataId": "f1e8a3ee-3179-4a75-b061-7fa27d7ee6fb"
          },
          "type": "Foreach"
        },
        "Initialize_variable_|_var_Admin_Email": {
          "runAfter": {
            "Get_items_|_Admin_Details": [
              "Succeeded"
            ]
          },
          "metadata": {
            "operationMetadataId": "f538ddfe-1d58-416e-bf31-54951f879998"
          },
          "type": "InitializeVariable",
          "inputs": {
            "variables": [
              {
                "name": "varAdminEmail",
                "type": "string"
              }
            ]
          }
        },
        "Get_items_|_Request_Form_Details": {
          "runAfter": {},
          "metadata": {
            "operationMetadataId": "242ab282-bed8-44d4-ace2-edfdfad49bb5"
          },
          "type": "OpenApiConnection",
          "inputs": {
            "host": {
              "connectionName": "shared_sharepointonline",
              "operationId": "GetItems",
              "apiId": "/providers/Microsoft.PowerApps/apis/shared_sharepointonline"
            },
            "parameters": {
              "dataset": "@parameters('DemoSite - https://tsinfotechnologies.sharepoint.com/sites/DemoSite (tsinfo_shared_sharepointonline_1d44c8bba3214f66b0cc0dc7464f6ef5)')",
              "table": "@parameters('Request Form Details (tsinfo_shared_sharepointonline_60ba12470be040a4a5008c9f96f7cff8)')",
              "$filter": "Status eq 'Open' and AssignedtoPrimary eq null"
            },
            "authentication": "@parameters('$authentication')"
          }
        },
        "Terminate": {
          "runAfter": {
            "Get_items_|_Request_Form_Details": [
              "TimedOut",
              "Skipped",
              "Failed"
            ]
          },
          "metadata": {
            "operationMetadataId": "f8dd63a4-b25e-4766-b34c-cab4777d881c"
          },
          "type": "Terminate",
          "inputs": {
            "runStatus": "Succeeded"
          }
        }
      }
    },
    "templateName": ""
  },
  "schemaVersion": "1.0.0.0"
}