{
  "properties": {
    "connectionReferences": {
      "shared_sharepointonline": {
        "runtimeSource": "embedded",
        "connection": {
          "connectionReferenceLogicalName": "tsinfo_sharedsharepointonline_530ee"
        },
        "api": {
          "name": "shared_sharepointonline"
        }
      },
      "shared_office365": {
        "runtimeSource": "embedded",
        "connection": {
          "connectionReferenceLogicalName": "tsinfo_sharedoffice365_09488"
        },
        "api": {
          "name": "shared_office365"
        }
      }
    },
    "definition": {
      "$schema": "https://schema.management.azure.com/providers/Microsoft.Logic/schemas/2016-06-01/workflowdefinition.json#",
      "contentVersion": "1.0.0.0",
      "parameters": {
        "$connections": {
          "defaultValue": {},
          "type": "Object"
        },
        "$authentication": {
          "defaultValue": {},
          "type": "SecureObject"
        },
        "DemoSite - https://tsinfotechnologies.sharepoint.com/sites/DemoSite (tsinfo_shared_sharepointonline_1d44c8bba3214f66b0cc0dc7464f6ef5)": {
          "defaultValue": "https://tsinfotechnologies.sharepoint.com/sites/DemoSite",
          "type": "String",
          "metadata": {
            "schemaName": "tsinfo_shared_sharepointonline_1d44c8bba3214f66b0cc0dc7464f6ef5"
          }
        },
        "Request Form Details (tsinfo_shared_sharepointonline_60ba12470be040a4a5008c9f96f7cff8)": {
          "defaultValue": "ad3c68dd-c55a-40af-a9d4-403438967262",
          "type": "String",
          "metadata": {
            "schemaName": "tsinfo_shared_sharepointonline_60ba12470be040a4a5008c9f96f7cff8"
          }
        },
        "Admin Details (tsinfo_AdminDetails)": {
          "defaultValue": "a917d5ab-eb5e-4d01-9837-84a7b614435e",
          "type": "String",
          "metadata": {
            "schemaName": "tsinfo_AdminDetails",
            "description": "list address"
          }
        },
        "Request Attachments (tsinfo_RequestAttachments)": {
          "defaultValue": "701b14b3-71e2-4645-9f78-0b66d055d127",
          "type": "String",
          "metadata": {
            "schemaName": "tsinfo_RequestAttachments"
          }
        }
      },
      "triggers": {
        "When_an_item_is_created_|_Request_Form_Details": {
          "recurrence": {
            "interval": 1,
            "frequency": "Minute"
          },
          "splitOn": "@triggerOutputs()?['body/value']",
          "metadata": {
            "operationMetadataId": "85464656-0bf9-4149-9e08-7feb6208b8fe"
          },
          "type": "OpenApiConnection",
          "inputs": {
            "host": {
              "connectionName": "shared_sharepointonline",
              "operationId": "GetOnNewItems",
              "apiId": "/providers/Microsoft.PowerApps/apis/shared_sharepointonline"
            },
            "parameters": {
              "dataset": "@parameters('DemoSite - https://tsinfotechnologies.sharepoint.com/sites/DemoSite (tsinfo_shared_sharepointonline_1d44c8bba3214f66b0cc0dc7464f6ef5)')",
              "table": "@parameters('Request Form Details (tsinfo_shared_sharepointonline_60ba12470be040a4a5008c9f96f7cff8)')"
            },
            "authentication": "@parameters('$authentication')"
          }
        }
      },
      "actions": {
        "Initialize_variable_|_var_Requester_ID_Prefix": {
          "runAfter": {},
          "metadata": {
            "operationMetadataId": "b505a27b-3b9e-4917-a4d8-6d73a2b502ec"
          },
          "type": "InitializeVariable",
          "inputs": {
            "variables": [
              {
                "name": "varRequesterIDPrefix",
                "type": "string",
                "value": "REQ"
              }
            ]
          }
        },
        "Initialize_variable_|_var_Attachments": {
          "runAfter": {
            "Initialize_variable_|_var_Requester_ID_Prefix": [
              "Succeeded"
            ]
          },
          "metadata": {
            "operationMetadataId": "37481bb9-06a0-49a2-924a-b69211e689fb"
          },
          "type": "InitializeVariable",
          "inputs": {
            "variables": [
              {
                "name": " varAttachments",
                "type": "array"
              }
            ]
          }
        },
        "Compose_|_Does_this_impact_your_ability_to_perform_work": {
          "runAfter": {
            "Initialize_variable_|_var_Attachments": [
              "Succeeded"
            ]
          },
          "metadata": {
            "operationMetadataId": "4178fd74-210b-4127-89d9-e1056cdbf5b9"
          },
          "type": "Compose",
          "inputs": "@if(equals(triggerBody()?['Doesitimpactmwork'],null),null,concat('<b>Does this impact your ability to perform work?</b>: ',triggerBody()?['Doesitimpactmwork']?['Value']))"
        },
        "Compose_|_Random_Number": {
          "runAfter": {
            "Compose_|_Does_this_impact_your_ability_to_perform_work": [
              "Succeeded"
            ]
          },
          "metadata": {
            "operationMetadataId": "de23fbdc-db96-4101-aa54-979eabb395b5"
          },
          "type": "Compose",
          "inputs": "@rand(1,99999)"
        },
        "Compose_|_Requester_ID": {
          "runAfter": {
            "Compose_|_Random_Number": [
              "Succeeded"
            ]
          },
          "metadata": {
            "operationMetadataId": "8a18b240-f1ed-4fb6-8f80-e8a6d670ed3a"
          },
          "type": "Compose",
          "inputs": "@concat(variables('varRequesterIDPrefix'),outputs('Compose_|_Random_Number'),triggerBody()?['ID'])"
        },
        "Condition_|_Check_Attachments": {
          "actions": {
            "For_each_|__Attchment": {
              "foreach": "@outputs('Get_attachments_|_Request_Form_Details')?['body']",
              "actions": {
                "Condition_|_Attachment_Extension": {
                  "actions": {
                    "Append_to_array_variable_|__var_Attachments": {
                      "runAfter": {},
                      "metadata": {
                        "operationMetadataId": "ae42ed17-724a-42de-92aa-15e4a3d56861"
                      },
                      "type": "AppendToArrayVariable",
                      "inputs": {
                        "name": " varAttachments",
                        "value": {
                          "Name": "@{items('For_each_|__Attchment')?['DisplayName']}",
                          "ContentBytes": "@{body('Get_attachment_content_|_Request_Form_Details')}"
                        }
                      }
                    }
                  },
                  "runAfter": {
                    "Create_file_|_Inside_the_Folwder": [
                      "Succeeded"
                    ]
                  },
                  "else": {
                    "actions": {
                      "Append_to_array_variable_|_var_Attachments": {
                        "runAfter": {},
                        "metadata": {
                          "operationMetadataId": "8bac42bb-8e9a-4216-bc68-feb576ace463"
                        },
                        "type": "AppendToArrayVariable",
                        "inputs": {
                          "name": " varAttachments",
                          "value": {
                            "name": "@{items('For_each_|__Attchment')?['DisplayName']}",
                            "contentBytes": {
                              "$content-type": "@{body('Get_attachment_content_|_Request_Form_Details')?['$content-type']}",
                              "$content": "@{body('Get_attachment_content_|_Request_Form_Details')?['$content']}"
                            }
                          }
                        }
                      }
                    }
                  },
                  "expression": {
                    "and": [
                      {
                        "endsWith": [
                          "@items('For_each_|__Attchment')?['DisplayName']",
                          ".txt"
                        ]
                      }
                    ]
                  },
                  "metadata": {
                    "operationMetadataId": "13355e99-fac9-4e7b-b015-f5f49b7fa0f8"
                  },
                  "type": "If"
                },
                "Create_file_|_Inside_the_Folwder": {
                  "runAfter": {
                    "Get_attachment_content_|_Request_Form_Details": [
                      "Succeeded"
                    ]
                  },
                  "metadata": {
                    "operationMetadataId": "07288a72-d827-4310-bf9d-fa140b7dff07"
                  },
                  "type": "OpenApiConnection",
                  "inputs": {
                    "host": {
                      "connectionName": "shared_sharepointonline",
                      "operationId": "CreateFile",
                      "apiId": "/providers/Microsoft.PowerApps/apis/shared_sharepointonline"
                    },
                    "parameters": {
                      "dataset": "@parameters('DemoSite - https://tsinfotechnologies.sharepoint.com/sites/DemoSite (tsinfo_shared_sharepointonline_1d44c8bba3214f66b0cc0dc7464f6ef5)')",
                      "folderPath": "@concat(body('Create_new_folder_|_Request_Attachments')?['{Path}'],'/',concat(outputs('Compose_|_Requester_ID'),'-',triggerBody()?['Title']))",
                      "name": "@items('For_each_|__Attchment')?['DisplayName']",
                      "body": "@body('Get_attachment_content_|_Request_Form_Details')"
                    },
                    "authentication": "@parameters('$authentication')"
                  },
                  "runtimeConfiguration": {
                    "contentTransfer": {
                      "transferMode": "Chunked"
                    }
                  }
                },
                "Get_attachment_content_|_Request_Form_Details": {
                  "runAfter": {},
                  "metadata": {
                    "operationMetadataId": "7482aef9-22ff-48cf-ae46-8730efde5151"
                  },
                  "type": "OpenApiConnection",
                  "inputs": {
                    "host": {
                      "connectionName": "shared_sharepointonline",
                      "operationId": "GetAttachmentContent",
                      "apiId": "/providers/Microsoft.PowerApps/apis/shared_sharepointonline"
                    },
                    "parameters": {
                      "dataset": "@parameters('DemoSite - https://tsinfotechnologies.sharepoint.com/sites/DemoSite (tsinfo_shared_sharepointonline_1d44c8bba3214f66b0cc0dc7464f6ef5)')",
                      "table": "@parameters('Request Form Details (tsinfo_shared_sharepointonline_60ba12470be040a4a5008c9f96f7cff8)')",
                      "itemId": "@triggerBody()?['ID']",
                      "attachmentId": "@items('For_each_|__Attchment')?['Id']"
                    },
                    "authentication": "@parameters('$authentication')"
                  }
                }
              },
              "runAfter": {
                "Create_new_folder_|_Request_Attachments": [
                  "Succeeded"
                ]
              },
              "metadata": {
                "operationMetadataId": "1e60ab05-a721-4922-a387-564fd1215196"
              },
              "type": "Foreach"
            },
            "Get_attachments_|_Request_Form_Details": {
              "runAfter": {},
              "metadata": {
                "operationMetadataId": "91fcad58-a143-47c0-b53b-403f2b8d81fb"
              },
              "type": "OpenApiConnection",
              "inputs": {
                "host": {
                  "connectionName": "shared_sharepointonline",
                  "operationId": "GetItemAttachments",
                  "apiId": "/providers/Microsoft.PowerApps/apis/shared_sharepointonline"
                },
                "parameters": {
                  "dataset": "@parameters('DemoSite - https://tsinfotechnologies.sharepoint.com/sites/DemoSite (tsinfo_shared_sharepointonline_1d44c8bba3214f66b0cc0dc7464f6ef5)')",
                  "table": "@parameters('Request Form Details (tsinfo_shared_sharepointonline_60ba12470be040a4a5008c9f96f7cff8)')",
                  "itemId": "@triggerBody()?['ID']"
                },
                "authentication": "@parameters('$authentication')"
              }
            },
            "Create_new_folder_|_Request_Attachments": {
              "runAfter": {
                "Get_attachments_|_Request_Form_Details": [
                  "Succeeded"
                ]
              },
              "metadata": {
                "operationMetadataId": "30361ce2-bbe8-4adb-b4a2-492ce8b182e1"
              },
              "type": "OpenApiConnection",
              "inputs": {
                "host": {
                  "connectionName": "shared_sharepointonline",
                  "operationId": "CreateNewFolder",
                  "apiId": "/providers/Microsoft.PowerApps/apis/shared_sharepointonline"
                },
                "parameters": {
                  "dataset": "@parameters('DemoSite - https://tsinfotechnologies.sharepoint.com/sites/DemoSite (tsinfo_shared_sharepointonline_1d44c8bba3214f66b0cc0dc7464f6ef5)')",
                  "table": "@parameters('Request Attachments (tsinfo_RequestAttachments)')",
                  "parameters/path": "@concat(outputs('Compose_|_Requester_ID'),'-',triggerBody()?['Title'])"
                },
                "authentication": "@parameters('$authentication')"
              }
            }
          },
          "runAfter": {
            "For_each_|_Admin": [
              "Succeeded"
            ]
          },
          "expression": {
            "and": [
              {
                "equals": [
                  "@triggerBody()?['{HasAttachments}']",
                  "@true"
                ]
              }
            ]
          },
          "metadata": {
            "operationMetadataId": "12224c6d-1603-438d-be4e-80cfc5261f40"
          },
          "type": "If"
        },
        "Send_an_email_(V2)_|_Requester": {
          "runAfter": {
            "Condition_|_Check_Attachments": [
              "Succeeded"
            ]
          },
          "metadata": {
            "operationMetadataId": "c0790eb3-56ac-4194-ab23-ca95d1e6144c"
          },
          "type": "OpenApiConnection",
          "inputs": {
            "host": {
              "connectionName": "shared_office365",
              "operationId": "SendEmailV2",
              "apiId": "/providers/Microsoft.PowerApps/apis/shared_office365"
            },
            "parameters": {
              "emailMessage/To": "@triggerBody()?['Requester']?['Email']",
              "emailMessage/Subject": "Request Submission Confirmation: @{outputs('Compose_|_Requester_ID')}",
              "emailMessage/Body": "<p class=\"editor-paragraph\">Dear @{triggerBody()?['Requester']?['DisplayName']},<br><br>Thank you for submitting your request. Here are the details of your submission:<br><br><b><strong class=\"editor-text-bold\">Request Number</strong></b>: @{outputs('Compose_|_Requester_ID')}<br><b><strong class=\"editor-text-bold\">Date Submitted</strong></b>: @{triggerBody()?['DateSubmitted']}<br><b><strong class=\"editor-text-bold\">Title</strong></b>: @{triggerBody()?['Title']}<br><b><strong class=\"editor-text-bold\">Office</strong></b>: @{triggerBody()?['Office']?['Value']}<br><b><strong class=\"editor-text-bold\">System</strong></b>: @{triggerBody()?['System']?['Value']}<br><b><strong class=\"editor-text-bold\">Category</strong></b>: @{triggerBody()?['Category']?['Value']}<br><b><strong class=\"editor-text-bold\">Backup POC</strong></b>: @{triggerBody()?['BackupPOC']?['DisplayName']}<br><b><strong class=\"editor-text-bold\">Description</strong></b>: @{triggerBody()?['Description']}<br>@{outputs('Compose_|_Does_this_impact_your_ability_to_perform_work')}</p><br><p class=\"editor-paragraph\">Please review the attached documents, if any. Your request will be processed, and you will be notified of any updates.</p><br><p class=\"editor-paragraph\">Thank you</p>",
              "emailMessage/Attachments": "@variables(' varAttachments')",
              "emailMessage/Importance": "Normal"
            },
            "authentication": "@parameters('$authentication')"
          }
        },
        "Update_item_|_Request_Form_Details": {
          "runAfter": {
            "Send_an_email_(V2)_|_Requester": [
              "Succeeded"
            ]
          },
          "metadata": {
            "operationMetadataId": "3df34aa0-c1fd-40c1-86bc-7dcbe57dad5e"
          },
          "type": "OpenApiConnection",
          "inputs": {
            "host": {
              "connectionName": "shared_sharepointonline",
              "operationId": "PatchItem",
              "apiId": "/providers/Microsoft.PowerApps/apis/shared_sharepointonline"
            },
            "parameters": {
              "dataset": "@parameters('DemoSite - https://tsinfotechnologies.sharepoint.com/sites/DemoSite (tsinfo_shared_sharepointonline_1d44c8bba3214f66b0cc0dc7464f6ef5)')",
              "table": "@parameters('Request Form Details (tsinfo_shared_sharepointonline_60ba12470be040a4a5008c9f96f7cff8)')",
              "id": "@triggerBody()?['ID']",
              "item/Title": "@triggerBody()?['Title']",
              "item/DateSubmitted": "@triggerBody()?['DateSubmitted']",
              "item/Description": "@triggerBody()?['Description']",
              "item/RequestID": "@outputs('Compose_|_Requester_ID')"
            },
            "authentication": "@parameters('$authentication')"
          }
        },
        "Get_items_|_Admin_Details": {
          "runAfter": {
            "Compose_|_Requester_ID": [
              "Succeeded"
            ]
          },
          "metadata": {
            "operationMetadataId": "4d55d372-e6fa-465b-acb5-0bbe3148acc9"
          },
          "type": "OpenApiConnection",
          "inputs": {
            "host": {
              "connectionName": "shared_sharepointonline",
              "operationId": "GetItems",
              "apiId": "/providers/Microsoft.PowerApps/apis/shared_sharepointonline"
            },
            "parameters": {
              "dataset": "@parameters('DemoSite - https://tsinfotechnologies.sharepoint.com/sites/DemoSite (tsinfo_shared_sharepointonline_1d44c8bba3214f66b0cc0dc7464f6ef5)')",
              "table": "@parameters('Admin Details (tsinfo_AdminDetails)')"
            },
            "authentication": "@parameters('$authentication')"
          }
        },
        "For_each_|_Admin": {
          "foreach": "@outputs('Get_items_|_Admin_Details')?['body/value']",
          "actions": {
            "Select_|_Admin_Email": {
              "runAfter": {},
              "metadata": {
                "operationMetadataId": "4bbe47de-121a-4178-99f9-f51bff1dcf84"
              },
              "type": "Select",
              "inputs": {
                "from": "@items('For_each_|_Admin')?['Approvers']",
                "select": "@item()?['Email']"
              }
            },
            "Join_|_Admin_Email": {
              "runAfter": {
                "Select_|_Admin_Email": [
                  "Succeeded"
                ]
              },
              "metadata": {
                "operationMetadataId": "38d2da83-45a1-4d17-a118-61dd60192244"
              },
              "type": "Join",
              "inputs": {
                "from": "@body('Select_|_Admin_Email')",
                "joinWith": ";"
              }
            },
            "Set_variable_|_var_Admin_Email": {
              "runAfter": {
                "Join_|_Admin_Email": [
                  "Succeeded"
                ]
              },
              "metadata": {
                "operationMetadataId": "f7d1c41d-a653-4cb2-ae11-18aedfaaa042"
              },
              "type": "SetVariable",
              "inputs": {
                "name": "varAdminEmail",
                "value": "@body('Join_|_Admin_Email')"
              }
            }
          },
          "runAfter": {
            "Initialize_variable_|_var_Admin_Email": [
              "Succeeded"
            ]
          },
          "metadata": {
            "operationMetadataId": "19eec504-9176-46e3-95cc-0b050057cdbd"
          },
          "type": "Foreach"
        },
        "Initialize_variable_|_var_Admin_Email": {
          "runAfter": {
            "Get_items_|_Admin_Details": [
              "Succeeded"
            ]
          },
          "metadata": {
            "operationMetadataId": "c6425a49-6c20-4187-902c-6c9af1670cc8"
          },
          "type": "InitializeVariable",
          "inputs": {
            "variables": [
              {
                "name": "varAdminEmail",
                "type": "string"
              }
            ]
          }
        },
        "Send_an_email_(V2)_|_Admin": {
          "runAfter": {
            "Condition_|_Check_Attachments": [
              "Succeeded"
            ]
          },
          "metadata": {
            "operationMetadataId": "6643097f-ac33-4935-af14-68bdd3caf0c7"
          },
          "type": "OpenApiConnection",
          "inputs": {
            "host": {
              "connectionName": "shared_office365",
              "operationId": "SendEmailV2",
              "apiId": "/providers/Microsoft.PowerApps/apis/shared_office365"
            },
            "parameters": {
              "emailMessage/To": "@variables('varAdminEmail')",
              "emailMessage/Subject": "New Request Submitted: @{outputs('Compose_|_Requester_ID')}",
              "emailMessage/Body": "<p class=\"editor-paragraph\">Hello Admin Team,<br><br>A new request has been submitted with the following details:<br><br><b><strong class=\"editor-text-bold\">Request</strong></b>: @{outputs('Compose_|_Requester_ID')}<br><b><strong class=\"editor-text-bold\">Date Submitted</strong></b>: @{triggerBody()?['DateSubmitted']}<br><b><strong class=\"editor-text-bold\">Title</strong></b>: @{triggerBody()?['Title']}<br><b><strong class=\"editor-text-bold\">Office</strong></b>: @{triggerBody()?['Office']?['Value']}<br><b><strong class=\"editor-text-bold\">System</strong></b>: @{triggerBody()?['System']?['Value']}<br><b><strong class=\"editor-text-bold\">Requester</strong></b>: @{triggerBody()?['Requester']?['DisplayName']}<br><b><strong class=\"editor-text-bold\">Backup POC</strong></b>: @{triggerBody()?['BackupPOC']?['DisplayName']}<br><b><strong class=\"editor-text-bold\">Category</strong></b>: @{triggerBody()?['Category']?['Value']}<br><b><strong class=\"editor-text-bold\">Description</strong></b>: @{triggerBody()?['Description']}<br>@{outputs('Compose_|_Does_this_impact_your_ability_to_perform_work')}<br><br>Please review and take the necessary action on this request.<br><br>Thank you</p>",
              "emailMessage/Attachments": "@variables(' varAttachments')",
              "emailMessage/Importance": "Normal"
            },
            "authentication": "@parameters('$authentication')"
          }
        }
      },
      "outputs": {}
    },
    "templateName": ""
  },
  "schemaVersion": "1.0.0.0"
}